1.077609655502320463e+00,1.043716127968062013e+00,1.005898634816564385e+00,1.049690173553710304e+00,9.315515367021930393e-01,9.769075221815741727e-01,1.029412845787357256e+00,1.067119233222709962e+00,1.122435756148402408e+00,9.450643956612845287e-01,1.078892987605273079e+00,1.047976310221846452e+00,1.048124439558174137e+00,9.594909294678204414e-01,9.646614680447129775e-01,9.543609666441776884e-01,9.334667377554040080e-01,9.537612859903124019e-01,9.737608811321395441e-01
1.047217310763010278e+00,1.051479620696592177e+00,1.072963372079821731e+00,1.011896341943881339e+00,1.342111425401385061e+00,1.358861411423100796e+00,1.067170186417171429e+00,1.144307522981497405e+00,1.255812006601700892e+00,1.053586259898771305e+00,1.022741835762164486e+00,9.635240423399238363e-01,9.705145917590614069e-01,1.292694874635559321e+00,1.221893097858308241e+00,1.204883849786827277e+00,1.278902248672668884e+00,9.754566617841223808e-01,1.032716804041485359e+00
1.242885709049487808e+00,1.214470565511131417e+00,1.223668677575724395e+00,1.131121889464643981e+00,1.100220428576070164e+00,1.442590146833570675e+00,1.135331524868372188e+00,1.183858659167112304e+00,1.183722670455149784e+00,1.305481685836358929e+00,1.188409269830184689e+00,1.213924298898745091e+00,1.133773513472126071e+00,1.145978026514409942e+00,1.095021174413059351e+00,1.379520389974155048e+00,1.344022260694927917e+00,1.381484615403115068e+00,1.518627222426673695e+00
1.099008761833400349e+00,1.246153944214486442e+00,1.281297226835228287e+00,1.040645558200680165e+00,9.824492970456186747e-01,9.892904415011859465e-01,9.768136824343425229e-01,1.309282172334297778e+00,9.367307547786668520e-01,1.225963517398820590e+00,1.363150285665003514e+00,1.119178494069321017e+00,1.477267045575008542e+00,1.381722925293036752e+00,1.367594676827535105e+00,1.526892717883399753e+00,1.093466868979101614e+00,9.929749310056102951e-01,1.111312726764418279e+00
1.011867638597568897e+00,8.954989760725153847e-01,7.554462902241252387e-01,1.084619948826364810e+00,8.537062855579821141e-01,8.048940926134269258e-01,9.976175444712336304e-01,9.313344667558585144e-01,8.978192529437999392e-01,9.199737655885634746e-01,6.451256828999530901e-01,7.142164485146896835e-01,1.167566775776869514e+00,9.996595272470977234e-01,8.617257683414045744e-01,1.080114897272301144e+00,8.922259062698868481e-01,7.469115619711542697e-01,9.308713534562103042e-01
1.180028152393841623e+00,1.089266888514027531e+00,1.295413742223002318e+00,1.148518292434622445e+00,1.038385589009362953e+00,1.684748810919806550e+00,1.158729796145976154e+00,9.659944393402032370e-01,8.781978460391960395e-01,8.915510611132390073e-01,8.974940090900458411e-01,9.691760194479589474e-01,1.036684138262511379e+00,9.501778027597356235e-01,1.272374294000836237e+00,9.556785569821530935e-01,9.735163458148764493e-01,1.079991562703491059e+00,1.099402104967828198e+00
8.601947309765149985e-01,1.105866107829649669e+00,1.105860498416353144e+00,7.509682948518716650e-01,7.166810675561205990e-01,8.835655513568665409e-01,8.793080354011224564e-01,9.040482202506964216e-01,8.126755771160679709e-01,9.315326037340262433e-01,8.212196165076600662e-01,1.086869118257719036e+00,9.650905976364514416e-01,7.624524872866169645e-01,1.098492942420256302e+00,8.286926909996563673e-01,1.004787862814546351e+00,1.026834934482998118e+00,1.083737507567272829e+00
9.245541581537326525e-01,9.404093585455091109e-01,8.400853084769392964e-01,8.970753828244250050e-01,9.022001282393862232e-01,8.404208665199307537e-01,8.369089544793560931e-01,9.644799132865224944e-01,9.663218594079918677e-01,9.931283360040172870e-01,8.122922547440687424e-01,8.899283737148906415e-01,9.789858189055599125e-01,1.448579623851076859e+00,8.728394978759141942e-01,9.136284206108694628e-01,8.775478216679770682e-01,9.368184186748894637e-01,9.240603372737572485e-01
7.759466100020259161e-01,7.266356244094086536e-01,7.379193391191827267e-01,8.311796576258034808e-01,8.994861629373286371e-01,8.710523594343634324e-01,7.476756471973908802e-01,7.202535190764597361e-01,7.188934096198776880e-01,7.228160376938131959e-01,7.301698418939577273e-01,7.801534295376175709e-01,8.847644234116808226e-01,8.528643157791027107e-01,9.554081159218251740e-01,9.526848759536876710e-01,9.269561162552658606e-01,7.846143562338039334e-01,7.784320018059944779e-01
1.034181172987198805e+00,1.068050436752539412e+00,1.003538365902579832e+00,1.096278583641810300e+00,1.011699424839507921e+00,8.830762393218082318e-01,1.039528668018867341e+00,1.118652850849037428e+00,1.268758310980585557e+00,7.876726885515896726e-01,9.482194390874025824e-01,1.207533756467815689e+00,9.664979853603390403e-01,8.995337382658604719e-01,1.072883408245887349e+00,8.457340642378978757e-01,8.172887604899174985e-01,1.206443213386428903e+00,9.991513555105533406e-01
9.267132216394602384e-01,1.128033572738514678e+00,1.054897283468686497e+00,9.712196970786463046e-01,9.734020430636861620e-01,8.992849614452494977e-01,9.784985970992247095e-01,9.775160128947171234e-01,1.026022006500390216e+00,1.025810779278685470e+00,1.022189296303603001e+00,1.024537007345682538e+00,9.798947147277802250e-01,1.482714501192771595e+00,9.236383332609778840e-01,1.365340255038715034e+00,1.406214252843603241e+00,9.354008803244238113e-01,1.020367963191404215e+00
9.521813342525382584e-01,9.378546055417642524e-01,1.018681528966533412e+00,9.364918413182290458e-01,9.654408608071778364e-01,9.389949249644523599e-01,9.315321047840129376e-01,9.004630839651857066e-01,9.338510507836732533e-01,9.455128016483448361e-01,1.002982310817771117e+00,9.924459786334197675e-01,9.815022207031546264e-01,9.731150288851435626e-01,9.431179341554432050e-01,9.251882635222926643e-01,9.293412047425106959e-01,9.347268267604073033e-01,9.722026193739999878e-01
8.813324738269782133e-01,8.994299007421734382e-01,8.907273222542156921e-01,8.588816073716423194e-01,1.232154685851814202e+00,1.249627564083800602e+00,8.932912460527796528e-01,8.827633919057773504e-01,9.420982482067973285e-01,8.855918430894698101e-01,8.623326265752843112e-01,8.614294350154745317e-01,1.243521325002082678e+00,1.184847208517219475e+00,1.120504406323211244e+00,1.120423275908149163e+00,1.138860942401837439e+00,8.351702606058342138e-01,8.840796099342729253e-01
9.042314275001372970e-01,8.740390297058430180e-01,8.853468415383775048e-01,8.812593095175902391e-01,8.692924814959333002e-01,8.660977831651647252e-01,8.837890756565304207e-01,8.761790465540241213e-01,8.763003318239206418e-01,9.027739415299953496e-01,8.985363600130118478e-01,9.045703466307263296e-01,9.147607907838625207e-01,9.086198361604318485e-01,8.737346098863268962e-01,8.513202406324296145e-01,8.517421734956019952e-01,8.718509184705935944e-01,8.893302440632480099e-01
1.172759033123907946e+00,1.003291291379934558e+00,9.535180274980278314e-01,9.617474419279986586e-01,1.157965603810571453e+00,1.048077772814133057e+00,9.988764520442789951e-01,8.981637996604544538e-01,1.002807355299901282e+00,8.131247821610371185e-01,9.792124144220909487e-01,1.213873074422128662e+00,1.202751530316955808e+00,1.141400508447344864e+00,1.084850065555054588e+00,9.806935172485617969e-01,1.014139692110664459e+00,9.843302996270015814e-01,9.591952190733420425e-01
1.075490997183072617e+00,1.225462391988568545e+00,9.292432100327087108e-01,1.039312598580170111e+00,1.094419754424818203e+00,1.012990679414046857e+00,1.115979214161290534e+00,1.301900715370744699e+00,7.369160389367446218e-01,1.116897467954367951e+00,8.677036144248910787e-01,1.227231778104137971e+00,9.517549974872808738e-01,1.026283703078252341e+00,9.950419213715975264e-01,9.964248262684788360e-01,9.628014451574208321e-01,1.023508502405418019e+00,1.012232817303897470e+00
1.052784216972525222e+00,9.150236536595180992e-01,8.873296098513848706e-01,1.076966088012420331e+00,6.857890015998411304e-01,6.627013615868327934e-01,7.513114743767130843e-01,8.201729383422795561e-01,9.484454989992554541e-01,1.020354841272363977e+00,1.044694641987533812e+00,8.694339616348862876e-01,9.206689521418504052e-01,6.933331435170804191e-01,9.120494110086841966e-01,8.294344337744563589e-01,1.041033000782439988e+00,9.564999289612816646e-01,9.020000908919439953e-01
1.170243623717007964e+00,1.072227814067167051e+00,1.021705577598290837e+00,9.381448334001554201e-01,9.530512257801094789e-01,1.026724467445072619e+00,1.058566092897263555e+00,1.091564660296418410e+00,1.121849057789306991e+00,8.304825629386821673e-01,1.235378057123617479e+00,1.154349317441808687e+00,9.126398080912547783e-01,9.345450080730586251e-01,8.650766748684404206e-01,9.160494016455043020e-01,9.612941178323084479e-01,9.488782101176721495e-01,9.828792200866973694e-01
9.721473907287025984e-01,1.122957821065825978e+00,1.012110441962313923e+00,1.092735993825043384e+00,9.144303223883654130e-01,9.461068186023280369e-01,9.619988243568026176e-01,8.536083645170878809e-01,1.054727389842732954e+00,9.987453055060077078e-01,1.013966422081975516e+00,9.762241115485190690e-01,9.362626155810265249e-01,1.042386424282989665e+00,9.290013886920149844e-01,8.881013790058904789e-01,9.244935120774878667e-01,1.015004997204625559e+00,9.692920730989040834e-01
1.166852692020028170e+00,1.207801798361660683e+00,1.183881212894637658e+00,1.196739680711943921e+00,1.175972763745797955e+00,1.145118088853246174e+00,1.181829169107843303e+00,1.159659894207125008e+00,1.173768047745298970e+00,1.005517297604673788e+00,1.161107398214971997e+00,1.180614437269901673e+00,1.198285488867316451e+00,1.204035273724507693e+00,1.119183871697156052e+00,1.575439314537393720e+00,1.543299110573232324e+00,1.556463596898443935e+00,1.688796732709326953e+00
9.399620350404535030e-01,8.574958231523810426e-01,8.831596405076248546e-01,8.482692724384593985e-01,9.331367981322915561e-01,9.595526975823991389e-01,9.146455909873681955e-01,9.275169403325306261e-01,8.806418089805734262e-01,8.058872944924113657e-01,8.811390334544417779e-01,8.829456350593030134e-01,8.820030961081071208e-01,1.034948562792735727e+00,8.791043322622305034e-01,9.477160269815729787e-01,8.656507098162240510e-01,9.231363375804573224e-01,1.064867779306801765e+00
1.168296318241039078e+00,1.084429851059951266e+00,9.591178959572886908e-01,9.095753073507919506e-01,9.235769980903689724e-01,1.012232253342554067e+00,9.984444283730672387e-01,9.392064650323922459e-01,1.103481350130272709e+00,9.876136396080437141e-01,9.949186100214013617e-01,9.361828912444196682e-01,1.010285212853217596e+00,9.281767484344667363e-01,9.111209065162597653e-01,1.029304641259589426e+00,9.687397853483115107e-01,1.046784598684013190e+00,1.013760142906129591e+00
9.814152582064427088e-01,1.005304807500615238e+00,1.001911791394639595e+00,9.873260662903518003e-01,9.722670478630079938e-01,9.736654899188339485e-01,9.734532817274782479e-01,9.858869063218201889e-01,1.056191685887560183e+00,9.583946189779741776e-01,9.010346246192778574e-01,9.916026901186125730e-01,9.867832064990961216e-01,9.471328737698134770e-01,8.548907525589525269e-01,1.350581040030653490e+00,8.866411687502633310e-01,9.724841327025842697e-01,9.647243545439797563e-01
1.151461923933244202e+00,1.162616319171971169e+00,1.093667658721927838e+00,1.158457624003912168e+00,1.121725565618996612e+00,1.160080510103504770e+00,1.127272272609220360e+00,1.119933459725314551e+00,1.045236451890626972e+00,1.119684086285729130e+00,1.093374781789558270e+00,1.112351843806772766e+00,1.178000497938759494e+00,1.156546984556905189e+00,1.127172296175564137e+00,1.122294967152965395e+00,9.728202351850239182e-01,1.560500140442153461e+00,1.038861705406245006e+00
9.756849190476482026e-01,9.511106208692473585e-01,9.103477574395264504e-01,1.019819112352589485e+00,1.019699724661182083e+00,1.018045237990297780e+00,9.008022072349183285e-01,9.181410822003508443e-01,1.002288644024930786e+00,8.754935050200918223e-01,9.654396602564188079e-01,9.265594578977144335e-01,9.799739534255592632e-01,1.015599230236698958e+00,1.131725652281679873e+00,9.006677139361350948e-01,9.100796711957970242e-01,8.886175439444427004e-01,9.102162733887393387e-01
1.198110676491732418e+00,1.196749838992477333e+00,1.164149322126250441e+00,1.180240648748530852e+00,1.190413947779168424e+00,1.188915507694841223e+00,1.175582999567510667e+00,1.157969103769277641e+00,1.156768096820319780e+00,1.168866132234970934e+00,1.775002853356825838e+00,1.836515676457320501e+00,1.863072812397832845e+00,1.198834319715599062e+00,1.175155786098866617e+00,1.206368125475763442e+00,1.168934641444818734e+00,1.199073212870953808e+00,1.164711302218000233e+00
1.143568353787453251e+00,1.114795233896137550e+00,1.162402520271281325e+00,1.093721861083029268e+00,1.128961304713081315e+00,1.151299470827991112e+00,1.147464031735241585e+00,1.166451449867761392e+00,1.177674184238161947e+00,1.158973838588970295e+00,1.154501524965811710e+00,1.117139416283602360e+00,1.150063435679774759e+00,1.151637372866789910e+00,1.169656617115356623e+00,1.146708010118622667e+00,1.126136508329815600e+00,1.176658401581168967e+00,1.145150006532703602e+00
1.067661773498288502e+00,1.027968816293488352e+00,1.069877552397749287e+00,1.032465268677221104e+00,1.067257686391420268e+00,1.080245635108023183e+00,1.078870842877927005e+00,1.003889417001236906e+00,9.851313850268664796e-01,1.015636007488118553e+00,1.073861379353199252e+00,1.059080378051693749e+00,1.068810623434213181e+00,9.979284649918899186e-01,1.092662511771053113e+00,1.045613298734776597e+00,9.650078454933816996e-01,9.479247648612825206e-01,1.016151681638224114e+00
1.086049445925311607e+00,1.105775839765120505e+00,1.073874627055609876e+00,1.050286498650138789e+00,1.052585784886410858e+00,1.002922924650238468e+00,9.751080513528477267e-01,1.100749118583477903e+00,1.283335807603464218e+00,1.298031209222034077e+00,1.141168159910135760e+00,1.063173716507374245e+00,1.062140597035949430e+00,9.725603488592520218e-01,9.596455545923728847e-01,1.028212194956221293e+00,1.089528306426942095e+00,1.098960061121889931e+00,1.069903816067097724e+00
1.029926808453285547e+00,1.017297298586992138e+00,1.533274868299665306e+00,1.569277427566594607e+00,1.112111318941407134e+00,1.057005547148462066e+00,1.046741698882585947e+00,1.114853814625879957e+00,1.058739548575454714e+00,1.550627443568123764e+00,1.483907922784790445e+00,1.486489935145703933e+00,1.545676529264937704e+00,1.708994018661883496e+00,1.053208401242714753e+00,1.156179436483188772e+00,1.075732219676513557e+00,1.073781478211159879e+00,1.089167630633530948e+00
1.118896203065851580e+00,1.151974911606218122e+00,9.236810220204901833e-01,1.134399390345705694e+00,9.660573343657710144e-01,1.074700739497336910e+00,9.715447706738536970e-01,9.892745974098069439e-01,1.040235845332521780e+00,9.145737392193196147e-01,9.396380960974629604e-01,9.234435071940340078e-01,1.104365449947837030e+00,9.974861201623597129e-01,1.058673096761994392e+00,9.754818975778094536e-01,1.040375133402078545e+00,9.851668509833058085e-01,9.157737112451485029e-01
1.258653375224770388e+00,1.293844895105556780e+00,1.180353377305930707e+00,1.221895773369354732e+00,1.063208453859525227e+00,1.196507255843737072e+00,1.146496403982734114e+00,1.170074283869470211e+00,1.267785799041736050e+00,1.178999218737533772e+00,1.277258173593543544e+00,1.182208681472025624e+00,1.236498077494741388e+00,1.147323067388659634e+00,1.147171492523240355e+00,8.145362430716707181e-01,1.146169840677523366e+00,1.243600532778999401e+00,1.286323243289363871e+00
8.445592670017251224e-01,8.364192833815996542e-01,8.338855946589376344e-01,8.218243199187272863e-01,8.120781063748656603e-01,7.590317857317384620e-01,7.760649994315221845e-01,8.599668771647415166e-01,8.594743037029969335e-01,8.654745786193025481e-01,8.187226546655256287e-01,8.509293281849348300e-01,8.227094839607276278e-01,8.151960755990490526e-01,8.270804744748178061e-01,7.888446235855409716e-01,7.357414135995439253e-01,7.376363124548623862e-01,8.084993149192138961e-01
9.189690060724333698e-01,9.261924378020749415e-01,9.492302855593762745e-01,8.494760160806149596e-01,8.891407586911770355e-01,8.907924596896904523e-01,8.517768700067757104e-01,9.619932030731190853e-01,9.235340838542904773e-01,9.145113190350959709e-01,8.969827652243093086e-01,8.630646289562231566e-01,8.518686397582584391e-01,8.472427564463356209e-01,8.742396735891070358e-01,8.370764672566441966e-01,8.363391049184045745e-01,7.796953354060118802e-01,9.044856681017401367e-01
1.227905593701835940e+00,9.900357598037485829e-01,1.082938012958670537e+00,1.146096552120168921e+00,1.048708453601289836e+00,9.641098826323356574e-01,1.069287388703303199e+00,1.036263324519990814e+00,9.061486281709896229e-01,9.260731395670903643e-01,9.349795180728344146e-01,9.317997495028985666e-01,9.891790622068747929e-01,9.613204860242484662e-01,9.753610084638151267e-01,1.011185829830630656e+00,9.638574501044202547e-01,1.025857590846164680e+00,1.054969600789334327e+00
1.179537026206051165e+00,8.614655409271508857e-01,8.603991957698327031e-01,9.048680205399860510e-01,1.015306244621279497e+00,1.022802411382400578e+00,1.139239057825615964e+00,8.511246590004392099e-01,1.020525849173824717e+00,8.258340546310317665e-01,8.902485644117752450e-01,9.508161524780819329e-01,1.185557914019381265e+00,8.954790749984544718e-01,8.630494886752647643e-01,9.726069777615476974e-01,8.841609924390979591e-01,8.947345355435475378e-01,1.077334524710308328e+00
1.181405977363077620e+00,1.012560917917999292e+00,9.169620783519797369e-01,1.093681350636777516e+00,1.231228625522119646e+00,9.403897351260689375e-01,9.890858312650869788e-01,1.108441873280300749e+00,9.931184120568198326e-01,9.362730005160310176e-01,9.522597640984397094e-01,1.052738289393599702e+00,1.141875970381181382e+00,1.158709616189414371e+00,1.064546133074276701e+00,9.548979516358845343e-01,1.022474842278583207e+00,9.694751102517333852e-01,9.646917383946821412e-01
1.022478376368291864e+00,1.076338899278666439e+00,9.801615345682210823e-01,1.412212886924390176e+00,9.898662446866598463e-01,1.043735168931733348e+00,1.060875372101021785e+00,1.053111475924441987e+00,1.040899871540199584e+00,1.019794721895028733e+00,1.464204751431402052e+00,1.354268149094089546e+00,1.350046244154420760e+00,1.365386363978402295e+00,1.483723697501020400e+00,1.068922410108463561e+00,1.068129205130550652e+00,1.010184320184819518e+00,1.009789190248325363e+00
1.159287907652849281e+00,8.488293491433444027e-01,9.257263370812240932e-01,1.115963482525792916e+00,1.173868075595395855e+00,8.610693285024438870e-01,1.054971648241787463e+00,8.029948622187050855e-01,8.465482118009735046e-01,8.542456519206498289e-01,9.153329093252854376e-01,8.454314875444678412e-01,8.696784515143067829e-01,8.447040254730303621e-01,9.980151104093921699e-01,8.540749401526901430e-01,8.712887248084302261e-01,8.318564049227475943e-01,9.183157815061532281e-01
8.087323905446033301e-01,7.533627236637308044e-01,7.512632261023505231e-01,8.200522425318306219e-01,8.304129073022812335e-01,8.960170138021913422e-01,8.489962113479672112e-01,7.622762645785474689e-01,7.448821484483666433e-01,7.430480344954435434e-01,7.436794276097173917e-01,7.547441358464401784e-01,7.920752674476922994e-01,8.722319085687941786e-01,8.381524567060208986e-01,8.544342149596042546e-01,8.314621613503472286e-01,9.056794915506785060e-01,8.551889658824779472e-01
9.776821170647056469e-01,8.382755759747310131e-01,8.577677207160546713e-01,9.890226346066800511e-01,1.011311388237367881e+00,8.575538105387703336e-01,9.281177547914920556e-01,8.200788902655141710e-01,8.035497878829684915e-01,8.427267101244635406e-01,8.827675269479988707e-01,8.814387373818517446e-01,8.610366629661591054e-01,9.188094715577130867e-01,9.527675866782245873e-01,9.706174864478592790e-01,8.838934064446655192e-01,8.830106383345813770e-01,9.513215621615231932e-01
1.177510227550016664e+00,1.006905484893405589e+00,1.189491808228128944e+00,1.129757478253427205e+00,1.050339244056651244e+00,1.126085144179663544e+00,9.788438941471809818e-01,9.441914468400490756e-01,1.074228800597050171e+00,1.023098453526184670e+00,1.146648980148587071e+00,1.005889549035089203e+00,1.030954864364158174e+00,9.414910465376300497e-01,9.534610431985528489e-01,1.050666976546487552e+00,1.188084092255463409e+00,1.126117766946429732e+00,9.600213734719514891e-01
9.653386546500853926e-01,9.117363545843566452e-01,8.994685894018255023e-01,8.597326404417746648e-01,9.489558884141046091e-01,9.554740003602359977e-01,9.108172479313452197e-01,8.724239956534154405e-01,8.461782819795760080e-01,8.827722709646930177e-01,8.799283812753460055e-01,8.539092371328060871e-01,8.723128572851530649e-01,8.968265879431546184e-01,8.569857957700544038e-01,1.023242476548642754e+00,9.754156510152537374e-01,9.034643012635485970e-01,9.346142562435105772e-01
1.048778854200449917e+00,1.000316817174632167e+00,9.438349693137801921e-01,1.065882726837579897e+00,1.060159317031550419e+00,1.060789673781048492e+00,9.762551683438405181e-01,1.018542522422997587e+00,9.032394502493390487e-01,9.925705048573015832e-01,9.374752988383574515e-01,8.791062848797346341e-01,9.434044894271889081e-01,9.492335800070629270e-01,9.617869468518094322e-01,1.047152185817787018e+00,1.223193480055811522e+00,1.035986539264698747e+00,8.916288607468318972e-01
8.062513065971830262e-01,8.211917354681711467e-01,7.937593226541710401e-01,8.391081500264832016e-01,7.431450809745405728e-01,7.266635390110732784e-01,7.646406895372641621e-01,8.002487505016459002e-01,7.588218308796973455e-01,7.717722576191806683e-01,7.495225945446201132e-01,8.133602864757873974e-01,7.930141523730415143e-01,7.988453796577301702e-01,7.274428010682573165e-01,7.062696707971296561e-01,6.998179489359027672e-01,7.037080224457820110e-01,7.290923700259939189e-01
0.000000000000000000e+00,0.000000000000000000e+00,0.000000000000000000e+00,0.000000000000000000e+00,0.000000000000000000e+00,0.000000000000000000e+00,0.000000000000000000e+00,0.000000000000000000e+00,0.000000000000000000e+00,0.000000000000000000e+00,0.000000000000000000e+00,0.000000000000000000e+00,0.000000000000000000e+00,0.000000000000000000e+00,0.000000000000000000e+00,0.000000000000000000e+00,0.000000000000000000e+00,0.000000000000000000e+00,0.000000000000000000e+00
0.000000000000000000e+00,0.000000000000000000e+00,0.000000000000000000e+00,0.000000000000000000e+00,0.000000000000000000e+00,0.000000000000000000e+00,0.000000000000000000e+00,0.000000000000000000e+00,0.000000000000000000e+00,0.000000000000000000e+00,0.000000000000000000e+00,0.000000000000000000e+00,0.000000000000000000e+00,0.000000000000000000e+00,0.000000000000000000e+00,0.000000000000000000e+00,0.000000000000000000e+00,0.000000000000000000e+00,0.000000000000000000e+00
0.000000000000000000e+00,0.000000000000000000e+00,0.000000000000000000e+00,0.000000000000000000e+00,0.000000000000000000e+00,0.000000000000000000e+00,0.000000000000000000e+00,0.000000000000000000e+00,0.000000000000000000e+00,0.000000000000000000e+00,0.000000000000000000e+00,0.000000000000000000e+00,0.000000000000000000e+00,0.000000000000000000e+00,0.000000000000000000e+00,0.000000000000000000e+00,0.000000000000000000e+00,0.000000000000000000e+00,0.000000000000000000e+00
0.000000000000000000e+00,0.000000000000000000e+00,0.000000000000000000e+00,0.000000000000000000e+00,0.000000000000000000e+00,0.000000000000000000e+00,0.000000000000000000e+00,0.000000000000000000e+00,0.000000000000000000e+00,0.000000000000000000e+00,0.000000000000000000e+00,0.000000000000000000e+00,0.000000000000000000e+00,0.000000000000000000e+00,0.000000000000000000e+00,0.000000000000000000e+00,0.000000000000000000e+00,0.000000000000000000e+00,0.000000000000000000e+00
0.000000000000000000e+00,0.000000000000000000e+00,0.000000000000000000e+00,0.000000000000000000e+00,0.000000000000000000e+00,0.000000000000000000e+00,0.000000000000000000e+00,0.000000000000000000e+00,0.000000000000000000e+00,0.000000000000000000e+00,0.000000000000000000e+00,0.000000000000000000e+00,0.000000000000000000e+00,0.000000000000000000e+00,0.000000000000000000e+00,0.000000000000000000e+00,0.000000000000000000e+00,0.000000000000000000e+00,0.000000000000000000e+00
0.000000000000000000e+00,0.000000000000000000e+00,0.000000000000000000e+00,0.000000000000000000e+00,0.000000000000000000e+00,0.000000000000000000e+00,0.000000000000000000e+00,0.000000000000000000e+00,0.000000000000000000e+00,0.000000000000000000e+00,0.000000000000000000e+00,0.000000000000000000e+00,0.000000000000000000e+00,0.000000000000000000e+00,0.000000000000000000e+00,0.000000000000000000e+00,0.000000000000000000e+00,0.000000000000000000e+00,0.000000000000000000e+00
0.000000000000000000e+00,0.000000000000000000e+00,0.000000000000000000e+00,0.000000000000000000e+00,0.000000000000000000e+00,0.000000000000000000e+00,0.000000000000000000e+00,0.000000000000000000e+00,0.000000000000000000e+00,0.000000000000000000e+00,0.000000000000000000e+00,0.000000000000000000e+00,0.000000000000000000e+00,0.000000000000000000e+00,0.000000000000000000e+00,0.000000000000000000e+00,0.000000000000000000e+00,0.000000000000000000e+00,0.000000000000000000e+00
0.000000000000000000e+00,0.000000000000000000e+00,0.000000000000000000e+00,0.000000000000000000e+00,0.000000000000000000e+00,0.000000000000000000e+00,0.000000000000000000e+00,0.000000000000000000e+00,0.000000000000000000e+00,0.000000000000000000e+00,0.000000000000000000e+00,0.000000000000000000e+00,0.000000000000000000e+00,0.000000000000000000e+00,0.000000000000000000e+00,0.000000000000000000e+00,0.000000000000000000e+00,0.000000000000000000e+00,0.000000000000000000e+00
0.000000000000000000e+00,0.000000000000000000e+00,0.000000000000000000e+00,0.000000000000000000e+00,0.000000000000000000e+00,0.000000000000000000e+00,0.000000000000000000e+00,0.000000000000000000e+00,0.000000000000000000e+00,0.000000000000000000e+00,0.000000000000000000e+00,0.000000000000000000e+00,0.000000000000000000e+00,0.000000000000000000e+00,0.000000000000000000e+00,0.000000000000000000e+00,0.000000000000000000e+00,0.000000000000000000e+00,0.000000000000000000e+00
0.000000000000000000e+00,0.000000000000000000e+00,0.000000000000000000e+00,0.000000000000000000e+00,0.000000000000000000e+00,0.000000000000000000e+00,0.000000000000000000e+00,0.000000000000000000e+00,0.000000000000000000e+00,0.000000000000000000e+00,0.000000000000000000e+00,0.000000000000000000e+00,0.000000000000000000e+00,0.000000000000000000e+00,0.000000000000000000e+00,0.000000000000000000e+00,0.000000000000000000e+00,0.000000000000000000e+00,0.000000000000000000e+00
0.000000000000000000e+00,0.000000000000000000e+00,0.000000000000000000e+00,0.000000000000000000e+00,0.000000000000000000e+00,0.000000000000000000e+00,0.000000000000000000e+00,0.000000000000000000e+00,0.000000000000000000e+00,0.000000000000000000e+00,0.000000000000000000e+00,0.000000000000000000e+00,0.000000000000000000e+00,0.000000000000000000e+00,0.000000000000000000e+00,0.000000000000000000e+00,0.000000000000000000e+00,0.000000000000000000e+00,0.000000000000000000e+00
0.000000000000000000e+00,0.000000000000000000e+00,0.000000000000000000e+00,0.000000000000000000e+00,0.000000000000000000e+00,0.000000000000000000e+00,0.000000000000000000e+00,0.000000000000000000e+00,0.000000000000000000e+00,0.000000000000000000e+00,0.000000000000000000e+00,0.000000000000000000e+00,0.000000000000000000e+00,0.000000000000000000e+00,0.000000000000000000e+00,0.000000000000000000e+00,0.000000000000000000e+00,0.000000000000000000e+00,0.000000000000000000e+00
0.000000000000000000e+00,0.000000000000000000e+00,0.000000000000000000e+00,0.000000000000000000e+00,0.000000000000000000e+00,0.000000000000000000e+00,0.000000000000000000e+00,0.000000000000000000e+00,0.000000000000000000e+00,0.000000000000000000e+00,0.000000000000000000e+00,0.000000000000000000e+00,0.000000000000000000e+00,0.000000000000000000e+00,0.000000000000000000e+00,0.000000000000000000e+00,0.000000000000000000e+00,0.000000000000000000e+00,0.000000000000000000e+00
0.000000000000000000e+00,0.000000000000000000e+00,0.000000000000000000e+00,0.000000000000000000e+00,0.000000000000000000e+00,0.000000000000000000e+00,0.000000000000000000e+00,0.000000000000000000e+00,0.000000000000000000e+00,0.000000000000000000e+00,0.000000000000000000e+00,0.000000000000000000e+00,0.000000000000000000e+00,0.000000000000000000e+00,0.000000000000000000e+00,0.000000000000000000e+00,0.000000000000000000e+00,0.000000000000000000e+00,0.000000000000000000e+00
0.000000000000000000e+00,0.000000000000000000e+00,0.000000000000000000e+00,0.000000000000000000e+00,0.000000000000000000e+00,0.000000000000000000e+00,0.000000000000000000e+00,0.000000000000000000e+00,0.000000000000000000e+00,0.000000000000000000e+00,0.000000000000000000e+00,0.000000000000000000e+00,0.000000000000000000e+00,0.000000000000000000e+00,0.000000000000000000e+00,0.000000000000000000e+00,0.000000000000000000e+00,0.000000000000000000e+00,0.000000000000000000e+00
0.000000000000000000e+00,0.000000000000000000e+00,0.000000000000000000e+00,0.000000000000000000e+00,0.000000000000000000e+00,0.000000000000000000e+00,0.000000000000000000e+00,0.000000000000000000e+00,0.000000000000000000e+00,0.000000000000000000e+00,0.000000000000000000e+00,0.000000000000000000e+00,0.000000000000000000e+00,0.000000000000000000e+00,0.000000000000000000e+00,0.000000000000000000e+00,0.000000000000000000e+00,0.000000000000000000e+00,0.000000000000000000e+00
0.000000000000000000e+00,0.000000000000000000e+00,0.000000000000000000e+00,0.000000000000000000e+00,0.000000000000000000e+00,0.000000000000000000e+00,0.000000000000000000e+00,0.000000000000000000e+00,0.000000000000000000e+00,0.000000000000000000e+00,0.000000000000000000e+00,0.000000000000000000e+00,0.000000000000000000e+00,0.000000000000000000e+00,0.000000000000000000e+00,0.000000000000000000e+00,0.000000000000000000e+00,0.000000000000000000e+00,0.000000000000000000e+00
0.000000000000000000e+00,0.000000000000000000e+00,0.000000000000000000e+00,0.000000000000000000e+00,0.000000000000000000e+00,0.000000000000000000e+00,0.000000000000000000e+00,0.000000000000000000e+00,0.000000000000000000e+00,0.000000000000000000e+00,0.000000000000000000e+00,0.000000000000000000e+00,0.000000000000000000e+00,0.000000000000000000e+00,0.000000000000000000e+00,0.000000000000000000e+00,0.000000000000000000e+00,0.000000000000000000e+00,0.000000000000000000e+00
0.000000000000000000e+00,0.000000000000000000e+00,0.000000000000000000e+00,0.000000000000000000e+00,0.000000000000000000e+00,0.000000000000000000e+00,0.000000000000000000e+00,0.000000000000000000e+00,0.000000000000000000e+00,0.000000000000000000e+00,0.000000000000000000e+00,0.000000000000000000e+00,0.000000000000000000e+00,0.000000000000000000e+00,0.000000000000000000e+00,0.000000000000000000e+00,0.000000000000000000e+00,0.000000000000000000e+00,0.000000000000000000e+00
0.000000000000000000e+00,0.000000000000000000e+00,0.000000000000000000e+00,0.000000000000000000e+00,0.000000000000000000e+00,0.000000000000000000e+00,0.000000000000000000e+00,0.000000000000000000e+00,0.000000000000000000e+00,0.000000000000000000e+00,0.000000000000000000e+00,0.000000000000000000e+00,0.000000000000000000e+00,0.000000000000000000e+00,0.000000000000000000e+00,0.000000000000000000e+00,0.000000000000000000e+00,0.000000000000000000e+00,0.000000000000000000e+00
0.000000000000000000e+00,0.000000000000000000e+00,0.000000000000000000e+00,0.000000000000000000e+00,0.000000000000000000e+00,0.000000000000000000e+00,0.000000000000000000e+00,0.000000000000000000e+00,0.000000000000000000e+00,0.000000000000000000e+00,0.000000000000000000e+00,0.000000000000000000e+00,0.000000000000000000e+00,0.000000000000000000e+00,0.000000000000000000e+00,0.000000000000000000e+00,0.000000000000000000e+00,0.000000000000000000e+00,0.000000000000000000e+00
0.000000000000000000e+00,0.000000000000000000e+00,0.000000000000000000e+00,0.000000000000000000e+00,0.000000000000000000e+00,0.000000000000000000e+00,0.000000000000000000e+00,0.000000000000000000e+00,0.000000000000000000e+00,0.000000000000000000e+00,0.000000000000000000e+00,0.000000000000000000e+00,0.000000000000000000e+00,0.000000000000000000e+00,0.000000000000000000e+00,0.000000000000000000e+00,0.000000000000000000e+00,0.000000000000000000e+00,0.000000000000000000e+00
0.000000000000000000e+00,0.000000000000000000e+00,0.000000000000000000e+00,0.000000000000000000e+00,0.000000000000000000e+00,0.000000000000000000e+00,0.000000000000000000e+00,0.000000000000000000e+00,0.000000000000000000e+00,0.000000000000000000e+00,0.000000000000000000e+00,0.000000000000000000e+00,0.000000000000000000e+00,0.000000000000000000e+00,0.000000000000000000e+00,0.000000000000000000e+00,0.000000000000000000e+00,0.000000000000000000e+00,0.000000000000000000e+00
0.000000000000000000e+00,0.000000000000000000e+00,0.000000000000000000e+00,0.000000000000000000e+00,0.000000000000000000e+00,0.000000000000000000e+00,0.000000000000000000e+00,0.000000000000000000e+00,0.000000000000000000e+00,0.000000000000000000e+00,0.000000000000000000e+00,0.000000000000000000e+00,0.000000000000000000e+00,0.000000000000000000e+00,0.000000000000000000e+00,0.000000000000000000e+00,0.000000000000000000e+00,0.000000000000000000e+00,0.000000000000000000e+00
0.000000000000000000e+00,0.000000000000000000e+00,0.000000000000000000e+00,0.000000000000000000e+00,0.000000000000000000e+00,0.000000000000000000e+00,0.000000000000000000e+00,0.000000000000000000e+00,0.000000000000000000e+00,0.000000000000000000e+00,0.000000000000000000e+00,0.000000000000000000e+00,0.000000000000000000e+00,0.000000000000000000e+00,0.000000000000000000e+00,0.000000000000000000e+00,0.000000000000000000e+00,0.000000000000000000e+00,0.000000000000000000e+00
0.000000000000000000e+00,0.000000000000000000e+00,0.000000000000000000e+00,0.000000000000000000e+00,0.000000000000000000e+00,0.000000000000000000e+00,0.000000000000000000e+00,0.000000000000000000e+00,0.000000000000000000e+00,0.000000000000000000e+00,0.000000000000000000e+00,0.000000000000000000e+00,0.000000000000000000e+00,0.000000000000000000e+00,0.000000000000000000e+00,0.000000000000000000e+00,0.000000000000000000e+00,0.000000000000000000e+00,0.000000000000000000e+00
0.000000000000000000e+00,0.000000000000000000e+00,0.000000000000000000e+00,0.000000000000000000e+00,0.000000000000000000e+00,0.000000000000000000e+00,0.000000000000000000e+00,0.000000000000000000e+00,0.000000000000000000e+00,0.000000000000000000e+00,0.000000000000000000e+00,0.000000000000000000e+00,0.000000000000000000e+00,0.000000000000000000e+00,0.000000000000000000e+00,0.000000000000000000e+00,0.000000000000000000e+00,0.000000000000000000e+00,0.000000000000000000e+00
0.000000000000000000e+00,0.000000000000000000e+00,0.000000000000000000e+00,0.000000000000000000e+00,0.000000000000000000e+00,0.000000000000000000e+00,0.000000000000000000e+00,0.000000000000000000e+00,0.000000000000000000e+00,0.000000000000000000e+00,0.000000000000000000e+00,0.000000000000000000e+00,0.000000000000000000e+00,0.000000000000000000e+00,0.000000000000000000e+00,0.000000000000000000e+00,0.000000000000000000e+00,0.000000000000000000e+00,0.000000000000000000e+00
0.000000000000000000e+00,0.000000000000000000e+00,0.000000000000000000e+00,0.000000000000000000e+00,0.000000000000000000e+00,0.000000000000000000e+00,0.000000000000000000e+00,0.000000000000000000e+00,0.000000000000000000e+00,0.000000000000000000e+00,0.000000000000000000e+00,0.000000000000000000e+00,0.000000000000000000e+00,0.000000000000000000e+00,0.000000000000000000e+00,0.000000000000000000e+00,0.000000000000000000e+00,0.000000000000000000e+00,0.000000000000000000e+00
0.000000000000000000e+00,0.000000000000000000e+00,0.000000000000000000e+00,0.000000000000000000e+00,0.000000000000000000e+00,0.000000000000000000e+00,0.000000000000000000e+00,0.000000000000000000e+00,0.000000000000000000e+00,0.000000000000000000e+00,0.000000000000000000e+00,0.000000000000000000e+00,0.000000000000000000e+00,0.000000000000000000e+00,0.000000000000000000e+00,0.000000000000000000e+00,0.000000000000000000e+00,0.000000000000000000e+00,0.000000000000000000e+00
0.000000000000000000e+00,0.000000000000000000e+00,0.000000000000000000e+00,0.000000000000000000e+00,0.000000000000000000e+00,0.000000000000000000e+00,0.000000000000000000e+00,0.000000000000000000e+00,0.000000000000000000e+00,0.000000000000000000e+00,0.000000000000000000e+00,0.000000000000000000e+00,0.000000000000000000e+00,0.000000000000000000e+00,0.000000000000000000e+00,0.000000000000000000e+00,0.000000000000000000e+00,0.000000000000000000e+00,0.000000000000000000e+00
0.000000000000000000e+00,0.000000000000000000e+00,0.000000000000000000e+00,0.000000000000000000e+00,0.000000000000000000e+00,0.000000000000000000e+00,0.000000000000000000e+00,0.000000000000000000e+00,0.000000000000000000e+00,0.000000000000000000e+00,0.000000000000000000e+00,0.000000000000000000e+00,0.000000000000000000e+00,0.000000000000000000e+00,0.000000000000000000e+00,0.000000000000000000e+00,0.000000000000000000e+00,0.000000000000000000e+00,0.000000000000000000e+00
0.000000000000000000e+00,0.000000000000000000e+00,0.000000000000000000e+00,0.000000000000000000e+00,0.000000000000000000e+00,0.000000000000000000e+00,0.000000000000000000e+00,0.000000000000000000e+00,0.000000000000000000e+00,0.000000000000000000e+00,0.000000000000000000e+00,0.000000000000000000e+00,0.000000000000000000e+00,0.000000000000000000e+00,0.000000000000000000e+00,0.000000000000000000e+00,0.000000000000000000e+00,0.000000000000000000e+00,0.000000000000000000e+00
0.000000000000000000e+00,0.000000000000000000e+00,0.000000000000000000e+00,0.000000000000000000e+00,0.000000000000000000e+00,0.000000000000000000e+00,0.000000000000000000e+00,0.000000000000000000e+00,0.000000000000000000e+00,0.000000000000000000e+00,0.000000000000000000e+00,0.000000000000000000e+00,0.000000000000000000e+00,0.000000000000000000e+00,0.000000000000000000e+00,0.000000000000000000e+00,0.000000000000000000e+00,0.000000000000000000e+00,0.000000000000000000e+00
0.000000000000000000e+00,0.000000000000000000e+00,0.000000000000000000e+00,0.000000000000000000e+00,0.000000000000000000e+00,0.000000000000000000e+00,0.000000000000000000e+00,0.000000000000000000e+00,0.000000000000000000e+00,0.000000000000000000e+00,0.000000000000000000e+00,0.000000000000000000e+00,0.000000000000000000e+00,0.000000000000000000e+00,0.000000000000000000e+00,0.000000000000000000e+00,0.000000000000000000e+00,0.000000000000000000e+00,0.000000000000000000e+00
0.000000000000000000e+00,0.000000000000000000e+00,0.000000000000000000e+00,0.000000000000000000e+00,0.000000000000000000e+00,0.000000000000000000e+00,0.000000000000000000e+00,0.000000000000000000e+00,0.000000000000000000e+00,0.000000000000000000e+00,0.000000000000000000e+00,0.000000000000000000e+00,0.000000000000000000e+00,0.000000000000000000e+00,0.000000000000000000e+00,0.000000000000000000e+00,0.000000000000000000e+00,0.000000000000000000e+00,0.000000000000000000e+00
0.000000000000000000e+00,0.000000000000000000e+00,0.000000000000000000e+00,0.000000000000000000e+00,0.000000000000000000e+00,0.000000000000000000e+00,0.000000000000000000e+00,0.000000000000000000e+00,0.000000000000000000e+00,0.000000000000000000e+00,0.000000000000000000e+00,0.000000000000000000e+00,0.000000000000000000e+00,0.000000000000000000e+00,0.000000000000000000e+00,0.000000000000000000e+00,0.000000000000000000e+00,0.000000000000000000e+00,0.000000000000000000e+00
0.000000000000000000e+00,0.000000000000000000e+00,0.000000000000000000e+00,0.000000000000000000e+00,0.000000000000000000e+00,0.000000000000000000e+00,0.000000000000000000e+00,0.000000000000000000e+00,0.000000000000000000e+00,0.000000000000000000e+00,0.000000000000000000e+00,0.000000000000000000e+00,0.000000000000000000e+00,0.000000000000000000e+00,0.000000000000000000e+00,0.000000000000000000e+00,0.000000000000000000e+00,0.000000000000000000e+00,0.000000000000000000e+00
0.000000000000000000e+00,0.000000000000000000e+00,0.000000000000000000e+00,0.000000000000000000e+00,0.000000000000000000e+00,0.000000000000000000e+00,0.000000000000000000e+00,0.000000000000000000e+00,0.000000000000000000e+00,0.000000000000000000e+00,0.000000000000000000e+00,0.000000000000000000e+00,0.000000000000000000e+00,0.000000000000000000e+00,0.000000000000000000e+00,0.000000000000000000e+00,0.000000000000000000e+00,0.000000000000000000e+00,0.000000000000000000e+00
0.000000000000000000e+00,0.000000000000000000e+00,0.000000000000000000e+00,0.000000000000000000e+00,0.000000000000000000e+00,0.000000000000000000e+00,0.000000000000000000e+00,0.000000000000000000e+00,0.000000000000000000e+00,0.000000000000000000e+00,0.000000000000000000e+00,0.000000000000000000e+00,0.000000000000000000e+00,0.000000000000000000e+00,0.000000000000000000e+00,0.000000000000000000e+00,0.000000000000000000e+00,0.000000000000000000e+00,0.000000000000000000e+00
0.000000000000000000e+00,0.000000000000000000e+00,0.000000000000000000e+00,0.000000000000000000e+00,0.000000000000000000e+00,0.000000000000000000e+00,0.000000000000000000e+00,0.000000000000000000e+00,0.000000000000000000e+00,0.000000000000000000e+00,0.000000000000000000e+00,0.000000000000000000e+00,0.000000000000000000e+00,0.000000000000000000e+00,0.000000000000000000e+00,0.000000000000000000e+00,0.000000000000000000e+00,0.000000000000000000e+00,0.000000000000000000e+00
0.000000000000000000e+00,0.000000000000000000e+00,0.000000000000000000e+00,0.000000000000000000e+00,0.000000000000000000e+00,0.000000000000000000e+00,0.000000000000000000e+00,0.000000000000000000e+00,0.000000000000000000e+00,0.000000000000000000e+00,0.000000000000000000e+00,0.000000000000000000e+00,0.000000000000000000e+00,0.000000000000000000e+00,0.000000000000000000e+00,0.000000000000000000e+00,0.000000000000000000e+00,0.000000000000000000e+00,0.000000000000000000e+00
0.000000000000000000e+00,0.000000000000000000e+00,0.000000000000000000e+00,0.000000000000000000e+00,0.000000000000000000e+00,0.000000000000000000e+00,0.000000000000000000e+00,0.000000000000000000e+00,0.000000000000000000e+00,0.000000000000000000e+00,0.000000000000000000e+00,0.000000000000000000e+00,0.000000000000000000e+00,0.000000000000000000e+00,0.000000000000000000e+00,0.000000000000000000e+00,0.000000000000000000e+00,0.000000000000000000e+00,0.000000000000000000e+00
0.000000000000000000e+00,0.000000000000000000e+00,0.000000000000000000e+00,0.000000000000000000e+00,0.000000000000000000e+00,0.000000000000000000e+00,0.000000000000000000e+00,0.000000000000000000e+00,0.000000000000000000e+00,0.000000000000000000e+00,0.000000000000000000e+00,0.000000000000000000e+00,0.000000000000000000e+00,0.000000000000000000e+00,0.000000000000000000e+00,0.000000000000000000e+00,0.000000000000000000e+00,0.000000000000000000e+00,0.000000000000000000e+00
0.000000000000000000e+00,0.000000000000000000e+00,0.000000000000000000e+00,0.000000000000000000e+00,0.000000000000000000e+00,0.000000000000000000e+00,0.000000000000000000e+00,0.000000000000000000e+00,0.000000000000000000e+00,0.000000000000000000e+00,0.000000000000000000e+00,0.000000000000000000e+00,0.000000000000000000e+00,0.000000000000000000e+00,0.000000000000000000e+00,0.000000000000000000e+00,0.000000000000000000e+00,0.000000000000000000e+00,0.000000000000000000e+00
0.000000000000000000e+00,0.000000000000000000e+00,0.000000000000000000e+00,0.000000000000000000e+00,0.000000000000000000e+00,0.000000000000000000e+00,0.000000000000000000e+00,0.000000000000000000e+00,0.000000000000000000e+00,0.000000000000000000e+00,0.000000000000000000e+00,0.000000000000000000e+00,0.000000000000000000e+00,0.000000000000000000e+00,0.000000000000000000e+00,0.000000000000000000e+00,0.000000000000000000e+00,0.000000000000000000e+00,0.000000000000000000e+00
0.000000000000000000e+00,0.000000000000000000e+00,0.000000000000000000e+00,0.000000000000000000e+00,0.000000000000000000e+00,0.000000000000000000e+00,0.000000000000000000e+00,0.000000000000000000e+00,0.000000000000000000e+00,0.000000000000000000e+00,0.000000000000000000e+00,0.000000000000000000e+00,0.000000000000000000e+00,0.000000000000000000e+00,0.000000000000000000e+00,0.000000000000000000e+00,0.000000000000000000e+00,0.000000000000000000e+00,0.000000000000000000e+00
0.000000000000000000e+00,0.000000000000000000e+00,0.000000000000000000e+00,0.000000000000000000e+00,0.000000000000000000e+00,0.000000000000000000e+00,0.000000000000000000e+00,0.000000000000000000e+00,0.000000000000000000e+00,0.000000000000000000e+00,0.000000000000000000e+00,0.000000000000000000e+00,0.000000000000000000e+00,0.000000000000000000e+00,0.000000000000000000e+00,0.000000000000000000e+00,0.000000000000000000e+00,0.000000000000000000e+00,0.000000000000000000e+00
0.000000000000000000e+00,0.000000000000000000e+00,0.000000000000000000e+00,0.000000000000000000e+00,0.000000000000000000e+00,0.000000000000000000e+00,0.000000000000000000e+00,0.000000000000000000e+00,0.000000000000000000e+00,0.000000000000000000e+00,0.000000000000000000e+00,0.000000000000000000e+00,0.000000000000000000e+00,0.000000000000000000e+00,0.000000000000000000e+00,0.000000000000000000e+00,0.000000000000000000e+00,0.000000000000000000e+00,0.000000000000000000e+00
0.000000000000000000e+00,0.000000000000000000e+00,0.000000000000000000e+00,0.000000000000000000e+00,0.000000000000000000e+00,0.000000000000000000e+00,0.000000000000000000e+00,0.000000000000000000e+00,0.000000000000000000e+00,0.000000000000000000e+00,0.000000000000000000e+00,0.000000000000000000e+00,0.000000000000000000e+00,0.000000000000000000e+00,0.000000000000000000e+00,0.000000000000000000e+00,0.000000000000000000e+00,0.000000000000000000e+00,0.000000000000000000e+00
0.000000000000000000e+00,0.000000000000000000e+00,0.000000000000000000e+00,0.000000000000000000e+00,0.000000000000000000e+00,0.000000000000000000e+00,0.000000000000000000e+00,0.000000000000000000e+00,0.000000000000000000e+00,0.000000000000000000e+00,0.000000000000000000e+00,0.000000000000000000e+00,0.000000000000000000e+00,0.000000000000000000e+00,0.000000000000000000e+00,0.000000000000000000e+00,0.000000000000000000e+00,0.000000000000000000e+00,0.000000000000000000e+00
0.000000000000000000e+00,0.000000000000000000e+00,0.000000000000000000e+00,0.000000000000000000e+00,0.000000000000000000e+00,0.000000000000000000e+00,0.000000000000000000e+00,0.000000000000000000e+00,0.000000000000000000e+00,0.000000000000000000e+00,0.000000000000000000e+00,0.000000000000000000e+00,0.000000000000000000e+00,0.000000000000000000e+00,0.000000000000000000e+00,0.000000000000000000e+00,0.000000000000000000e+00,0.000000000000000000e+00,0.000000000000000000e+00
0.000000000000000000e+00,0.000000000000000000e+00,0.000000000000000000e+00,0.000000000000000000e+00,0.000000000000000000e+00,0.000000000000000000e+00,0.000000000000000000e+00,0.000000000000000000e+00,0.000000000000000000e+00,0.000000000000000000e+00,0.000000000000000000e+00,0.000000000000000000e+00,0.000000000000000000e+00,0.000000000000000000e+00,0.000000000000000000e+00,0.000000000000000000e+00,0.000000000000000000e+00,0.000000000000000000e+00,0.000000000000000000e+00
